{
  "train_losses": [
    0.8787848651409149,
    0.7962389215826988,
    0.7152361944317818,
    0.7376661971211433,
    0.6938318908214569,
    0.6987588629126549,
    0.6970821171998978,
    0.6882259324193001,
    0.664551816880703,
    0.6644388511776924,
    0.660087451338768,
    0.6753455325961113,
    0.6628805249929428,
    0.6626082062721252,
    0.6782911196351051,
    0.6677180007100105,
    0.6457334607839584,
    0.6555837169289589,
    0.65509432554245,
    0.6689440682530403,
    0.6579029113054276,
    0.6763198748230934,
    0.6527281701564789,
    0.6532120853662491,
    0.6339848563075066,
    0.628479078412056,
    0.6313345655798912,
    0.6089293286204338,
    0.6060792282223701,
    0.6028913483023643,
    0.5917159728705883,
    0.5660925209522247,
    0.6326146386563778,
    0.6282500326633453,
    0.557533822953701,
    0.5746390521526337,
    0.5382901281118393,
    0.5563302636146545,
    0.5394780673086643,
    0.5470943748950958,
    0.5071173720061779,
    0.506813820451498,
    0.524166900664568,
    0.49652109667658806,
    0.49862802028656006,
    0.4737592935562134,
    0.4831354059278965,
    0.4862762726843357,
    0.4884401559829712,
    0.4692460931837559,
    0.4730357676744461,
    0.4478183388710022,
    0.45513468980789185,
    0.45558880642056465,
    0.4645664095878601,
    0.44858643785119057,
    0.45339736714959145,
    0.4425071105360985,
    0.4513949751853943,
    0.42856553196907043,
    0.4362107925117016,
    0.45127441734075546,
    0.44094107672572136,
    0.4307036064565182,
    0.42617980018258095,
    0.4325883314013481,
    0.4327042028307915,
    0.44531645625829697,
    0.4220100939273834,
    0.4245149940252304,
    0.4291260354220867,
    0.421867910772562,
    0.42269441857934,
    0.43174005299806595,
    0.4281092397868633,
    0.43933484330773354,
    0.402435515075922,
    0.42168961092829704,
    0.42209653928875923,
    0.40885334834456444,
    0.4202602356672287,
    0.4079144708812237,
    0.4149658940732479,
    0.40690192580223083,
    0.4129345118999481,
    0.4216656759381294,
    0.4151257872581482,
    0.4232137128710747,
    0.4057438187301159,
    0.4069208614528179,
    0.41366567835211754,
    0.4118923544883728,
    0.3959845341742039,
    0.40391386300325394,
    0.40432269871234894,
    0.3913337513804436,
    0.4006391316652298,
    0.39725497737526894,
    0.4084071032702923,
    0.40513183549046516
  ],
  "val_losses": [
    0.8928374946117401,
    1.2884085178375244,
    0.7666798233985901,
    0.6505260765552521,
    1.9170771837234497,
    2.6867846250534058,
    1.9985100030899048,
    1.7322723269462585,
    1.3551684021949768,
    0.6153034269809723,
    0.6600569486618042,
    1.3380011320114136,
    5.50610613822937,
    9.006548404693604,
    10.738162517547607,
    0.6166699230670929,
    8.223883628845215,
    13.400004386901855,
    2.9594027996063232,
    2.552219271659851,
    1.711549699306488,
    1.999228835105896,
    0.6234690546989441,
    10.069263935089111,
    12.997663497924805,
    1.1071142554283142,
    9.116532802581787,
    8.029035329818726,
    17.95221996307373,
    1.965934157371521,
    10.492663383483887,
    0.597218245267868,
    30.050097465515137,
    20.062376976013184,
    16.99308490753174,
    0.5790187120437622,
    3.4834775924682617,
    0.5980012714862823,
    0.6985152065753937,
    0.5357307493686676,
    0.5643057823181152,
    0.8454364836215973,
    0.6580784618854523,
    2.7257598638534546,
    1.9689831733703613,
    4.092595100402832,
    1.7354741096496582,
    0.8763385117053986,
    0.8981753885746002,
    0.9989598393440247,
    0.8311330676078796,
    0.4751277267932892,
    3.6038153171539307,
    0.5106713622808456,
    1.1477864682674408,
    0.6761173605918884,
    0.5323843359947205,
    0.7053707540035248,
    0.4669110029935837,
    0.5127238184213638,
    0.7016067802906036,
    0.45193132758140564,
    5.64710807800293,
    0.7175787091255188,
    1.0256528854370117,
    1.0780001282691956,
    0.46590325236320496,
    0.4468666911125183,
    2.3214250802993774,
    8.281753063201904,
    0.48839522898197174,
    3.0109363794326782,
    7.336849927902222,
    1.1069266498088837,
    1.067889779806137,
    0.46743640303611755,
    0.5199858248233795,
    0.5163712352514267,
    0.498777836561203,
    0.7198708057403564,
    0.5226240158081055,
    0.9237678050994873,
    2.655030846595764,
    0.8673281669616699,
    0.4830892086029053,
    6.311758279800415,
    0.4951148182153702,
    0.6414836049079895,
    0.6126472651958466,
    0.4638264775276184,
    0.5499706268310547,
    0.8436633050441742,
    1.1892030835151672,
    0.5630503296852112,
    0.8978625237941742,
    0.9583765268325806,
    0.4611034095287323,
    0.4487196058034897,
    1.4674831628799438,
    0.8231625854969025
  ],
  "best_val_loss": 0.4468666911125183
}